Data,Soggiacenza (m),id_left,longitude,latitude,quota[m],head[m],depth,averageHead[m],headSamples,geometry,AcquiferBase,control,index_right,id_right,Bottom,simulatedH,Error
2013-01-11 00:00:00,10.69,PO0160760R1284,808702.2820398082,5611888.753064909,133.0,122.31,18.0,122.56555555555558,81.0,POINT (808702.2820398082 5611888.753064909),[62.587733],0.0,0,1,115.0,120.88282539864059,-1.6827301569149853
2014-11-04 00:00:00,3.44,PO0161220R0519,799529.4203198091,5606770.199600786,101.0,97.56,35.0,97.48327272727276,55.0,POINT (799529.4203198091 5606770.199600786),[37.850692],0.0,0,1,66.0,111.41253820099585,13.929265473723092
2013-01-04 00:00:00,7.44,PO0161290R0001,792581.0978178822,5615299.223956737,142.0,134.56,30.0,134.29075000000003,80.0,POINT (792581.0978178822 5615299.223956737),[79.844133],0.0,0,1,112.0,152.55326780187633,18.2625178018763
2013-01-11 00:00:00,10.75,PO0161770U0001,811107.27407072,5606420.130954957,109.0,98.25,60.0,98.398125,80.0,POINT (811107.27407072 5606420.130954957),[40.056636],0.0,0,1,49.0,103.68826341853031,5.290138418530319
2013-01-18 00:00:00,2.77,PO0161830R0003,801782.6739012516,5611382.536777992,122.0,119.23,62.0,118.53674999999998,80.0,POINT (801782.6739012516 5611382.536777992),[59.087567],0.0,0,1,60.0,133.60405924186864,15.067309241868656
2015-03-27 00:00:00,13.86,PO016219NUP001,788099.9946044711,5611259.0965981865,129.0,115.14,57.0,115.9284,50.0,POINT (788099.9946044711 5611259.0965981865),[50.],0.0,0,1,72.0,124.15690768096647,8.228507680966473
2013-01-31 00:00:00,18.12,PO0170290RC490,845959.3548279945,5608970.653286783,139.0,120.88,34.0,120.2088095238095,84.0,POINT (845959.3548279945 5608970.653286783),[100.],0.0,0,1,105.0,100.20191471901431,-20.006894804795195
2013-01-24 00:00:00,3.8,PO0170710RC478,850186.4188254578,5579048.990993886,35.0,31.2,10.0,30.73280487804879,82.0,POINT (850186.4188254578 5579048.990993886),[-121.36992],0.0,0,1,25.0,34.78114587590966,4.048340997860869
2013-06-21 00:00:00,0.34,PO0170860UC579,849926.6151556993,5588976.730996885,56.0,55.66,47.0,54.954347826086966,23.0,POINT (849926.6151556993 5588976.730996885),[-87.991773],0.0,0,1,9.0,57.31659709832749,2.3622492722405255
2013-01-24 00:00:00,1.23,PO0170880RC541,841297.2946522807,5592942.532627356,61.0,59.77,12.0,59.46927536231885,69.0,POINT (841297.2946522807 5592942.532627356),[-56.270892],0.0,0,1,49.0,66.78766357226822,7.318388209949369
2013-01-29 00:00:00,3.8,PO0170910UC622,826103.4400729446,5606945.949484381,107.0,103.2,73.0,103.58292682926832,41.0,POINT (826103.4400729446 5606945.949484381),[33.868968],0.0,0,1,34.0,99.89570188389182,-3.6872249453764994
2015-03-25 00:00:00,5.31,PO017103NRP001,834446.7606967897,5594695.539887873,60.0,54.69,48.0,53.73,56.0,POINT (834446.7606967897 5594695.539887873),[-50.],0.0,0,1,12.0,69.51390535847041,15.783905358470413
2016-01-28 00:00:00,4.4,PO0171220R0001,831322.2890273253,5596747.266424997,72.0,67.6,33.0,67.01795454545457,44.0,POINT (831322.2890273253 5596747.266424997),[-37.605621],0.0,0,1,39.0,73.14904316892296,6.131088623468386
2015-03-25 00:00:00,1.6,PO017203NUP001,853367.3799899098,5589312.482370454,60.0,58.4,150.0,58.39102040816325,49.0,POINT (853367.3799899098 5589312.482370454),[-96.410786],0.0,0,1,-90.0,56.773422470899476,-1.617597937263774
2013-03-06 00:00:00,5.25,PO0190210U0218,861110.7269618454,5552999.340884256,21.0,15.75,127.0,15.088928571428571,28.0,POINT (861110.7269618454 5552999.340884256),[-250.],0.0,0,1,-106.0,23.486605200980904,8.397676629552333
2013-01-07 00:00:00,6.2,PO019027NRA001,818808.588725229,5586639.444031601,64.0,57.8,18.0,57.7264705882353,85.0,POINT (818808.588725229 5586639.444031601),[-43.121634],0.0,0,1,46.0,48.311889485259385,-9.414581102975916
2013-03-06 00:00:00,3.42,PO019031NU0313,846573.362301033,5564791.31484795,29.0,25.58,187.5,25.35931034482758,29.0,POINT (846573.362301033 5564791.31484795),[-271.31004],0.0,0,1,-158.5,27.204337032691456,1.845026687863875
2013-01-07 00:00:00,1.02,PO019033NRA001,831884.1701784099,5577692.350135643,46.0,44.98,15.0,44.77811764705882,85.0,POINT (831884.1701784099 5577692.350135643),[-135.01149],0.0,0,1,31.0,34.35268665197518,-10.425430995083637
2013-01-09 00:00:00,5.95,PO019035NRA001,795709.0092921891,5593672.486446448,76.0,70.05,10.0,69.90289156626507,83.0,POINT (795709.0092921891 5593672.486446448),[0.],0.0,0,1,66.0,65.54928205387216,-4.353609512392907
2013-03-04 00:00:00,11.99,PO0190360UA005,828742.9718566218,5570242.922223306,41.0,29.01,223.0,29.075,28.0,POINT (828742.9718566218 5570242.922223306),[-188.49418],0.0,0,1,-182.0,31.4696092965724,2.3946092965724013
2013-01-08 00:00:00,6.98,PO019036NUA001,828386.5590429361,5570096.341373625,40.0,33.02,20.0,33.353953488372106,86.0,POINT (828386.5590429361 5570096.341373625),[-190.79382],0.0,0,1,20.0,31.51817828995688,-1.8357751984152273
2013-01-08 00:00:00,1.75,PO019040NRA001,844075.6911548966,5566454.963323257,30.0,28.25,10.0,27.81290697674419,86.0,POINT (844075.6911548966 5566454.963323257),[-258.84199],0.0,0,1,20.0,27.700940242072335,-0.11196673467185647
2015-06-17 00:00:00,1.06,PO019045NUP001,841244.3496079438,5578686.889009342,41.0,39.94,141.0,39.020566037735854,53.0,POINT (841244.3496079438 5578686.889009342),[-124.3746],0.0,0,1,-100.0,35.106806415321984,-3.9137596224138704
2013-01-07 00:00:00,2.69,PO019047NRA001,812833.1867820737,5592341.895715964,59.0,56.31,18.0,56.42287356321839,87.0,POINT (812833.1867820737 5592341.895715964),[-13.26431],0.0,0,1,41.0,57.59008858690325,1.1672150236848609
2013-01-07 00:00:00,1.55,PO019051NRA001,813391.5818157541,5576178.579083775,43.0,41.45,13.0,41.33827586206896,87.0,POINT (813391.5818157541 5576178.579083775),[-81.735401],0.0,0,1,30.0,41.33636863067373,-0.001907231395229303
2013-03-04 00:00:00,10.28,PO0190560U0563,833050.4253713341,5570208.336623674,42.0,31.72,164.0,31.633333333333333,30.0,POINT (833050.4253713341 5570208.336623674),[-177.52056],0.0,0,1,-122.0,30.390757566951436,-1.242575766381897
2014-06-10 00:00:00,2.66,PO019056NRA001,832548.1550098661,5569789.815201649,40.0,37.34,29.0,36.23055555555556,18.0,POINT (832548.1550098661 5569789.815201649),[-181.39626],0.0,0,1,11.0,30.41092928209877,-5.819626273456791
2013-01-07 00:00:00,3.81,PO019065NRA001,819026.6442335895,5581695.556809161,53.0,49.19,24.0,49.21702127659574,47.0,POINT (819026.6442335895 5581695.556809161),[-67.621375],0.0,0,1,29.0,42.51172247061684,-6.705298805978899
2013-01-08 00:00:00,1.6,PO019070NRA001,845852.2322349768,5574267.031962027,37.0,35.4,12.0,34.44602409638554,83.0,POINT (845852.2322349768 5574267.031962027),[-162.48498],0.0,0,1,25.0,29.38713620222862,-5.058887894156921
2013-01-08 00:00:00,2.75,PO019071NRA001,857755.2190489909,5569879.875679507,28.0,25.25,10.0,24.908117647058823,85.0,POINT (857755.2190489909 5569879.875679507),[-198.59449],0.0,0,1,18.0,25.99597584926443,1.0878582022056058
2013-01-07 00:00:00,2.54,PO019077NRA001,824769.4915887265,5579493.083882558,50.0,47.46,18.0,47.12011627906976,86.0,POINT (824769.4915887265 5579493.083882558),[-101.43344],0.0,0,1,32.0,38.148608107092365,-8.971508171977398
2014-06-11 00:00:00,0.4,PO019083NRA001,863815.160205188,5560217.68532118,19.0,18.6,20.0,18.192777777777778,18.0,POINT (863815.160205188 5560217.68532118),[-200.],0.0,0,1,-1.0,23.23264252503029,5.039864747252512
2013-01-09 00:00:00,3.38,PO019084NRA002,782462.1676781062,5603905.633895053,97.0,93.62,10.5,93.8779761904762,84.0,POINT (782462.1676781062 5603905.633895053),[0.],0.0,0,1,86.5,92.4153248025063,-1.462651387969899
2015-05-14 00:00:00,0.64,PO019088NRP001,807786.345633195,5581551.088092028,53.0,52.36,31.0,52.346250000000005,56.0,POINT (807786.345633195 5581551.088092028),[-50.],0.0,0,1,22.0,47.260133942120575,-5.08611605787943
2013-03-06 00:00:00,3.48,PO0190890U0892,838849.2890583422,5562260.707215712,33.0,29.52,189.0,29.45225806451614,31.0,POINT (838849.2890583422 5562260.707215712),[-293.7397],0.0,0,1,-156.0,27.449910793553215,-2.0023472709629253
2014-06-05 00:00:00,1.35,PO019089NUA001,836542.203494872,5562938.700690754,32.0,30.65,25.0,30.166,55.0,POINT (836542.203494872 5562938.700690754),[-270.70374],0.0,0,1,7.0,27.974103731800007,-2.1918962681999936
2013-01-08 00:00:00,3.77,PO019091NRA001,849554.1330317135,5562729.740183196,25.0,21.23,12.0,21.452470588235297,85.0,POINT (849554.1330317135 5562729.740183196),[-276.64793],0.0,0,1,13.0,26.542344922106082,5.089874333870785
2013-01-22 00:00:00,4.16,PO019094NU0944,797615.2782079141,5600927.347386415,88.0,83.84,46.0,83.43142857142857,84.0,POINT (797615.2782079141 5600927.347386415),[17.700592],0.0,0,1,42.0,83.25710953708435,-0.17431903434422225
2013-09-12 00:00:00,0.49,PO0191010U1012,866655.7218400885,5562005.794075646,19.0,18.51,126.0,18.455714285714286,21.0,POINT (866655.7218400885 5562005.794075646),[-200.],0.0,0,1,-107.0,22.7694065593503,4.313692273636015
2013-01-08 00:00:00,6.02,PO019103NRA001,829472.1133212384,5561631.096828193,33.0,26.98,12.0,27.276352941176462,85.0,POINT (829472.1133212384 5561631.096828193),[-210.49513],0.0,0,1,21.0,29.600094137735535,2.323741196559073
2013-03-06 00:00:00,4.91,PO0191080U0001,848652.194077875,5557764.844714656,28.0,23.09,94.5,23.16035714285714,28.0,POINT (848652.194077875 5557764.844714656),[-300.],0.0,0,1,-66.5,26.82482277442999,3.664465631572849
2013-01-07 00:00:00,2.51,PO019110NRA001,808728.4817627751,5590296.250966187,67.0,64.49,23.0,64.49036585365856,82.0,POINT (808728.4817627751 5590296.250966187),[-23.892654],0.0,0,1,44.0,55.16502986906584,-9.32533598459272
2013-01-17 00:00:00,9.94,PO098002NR0045,795153.0291784917,5579407.137967134,65.0,55.06,12.0,55.30216867469879,83.0,POINT (795153.0291784917 5579407.137967134),[-50.],0.0,0,1,53.0,50.32561950554167,-4.976549169157124
2013-01-22 00:00:00,3.54,PO098003NR0063,779869.6725794622,5594009.519290686,72.0,68.46,9.0,68.5798809523809,84.0,POINT (779869.6725794622 5594009.519290686),[0.],0.0,0,1,63.0,76.0954168209735,7.515535868592593
2015-06-11 00:00:00,6.09,PO0980100U0007,794394.6294881561,5575283.941883701,63.0,56.91,39.0,56.25790697674418,43.0,POINT (794394.6294881561 5575283.941883701),[-50.],0.0,0,1,24.0,47.66018830078771,-8.597718675956472
2014-01-01 00:00:00,4.0,PO0980110U0001,806756.2998716108,5566580.260244681,46.0,42.0,62.2999999999999,41.52640000000001,75.0,POINT (806756.2998716108 5566580.260244681),[-132.09987],0.0,0,1,-16.299999999999898,42.255313341673904,0.7289133416738949
2013-01-07 00:00:00,5.5,PO0980180U0001,775291.4494673493,5595403.356651348,89.0,83.5,55.0,83.48344444444443,90.0,POINT (775291.4494673493 5595403.356651348),[0.],0.0,0,1,34.0,81.62555139332864,-1.857893051115795
2013-01-07 00:00:00,5.4,PO0980200U0001,778405.0456640738,5602523.679835463,99.0,93.6,80.0,93.31382022471908,89.0,POINT (778405.0456640738 5602523.679835463),[5.6937736],0.0,0,1,19.0,90.42362654930095,-2.890193675418132
2013-01-07 00:00:00,5.3,PO0980200U0003,778099.6954235823,5602666.111833756,99.0,93.7,41.0,93.1565060240964,83.0,POINT (778099.6954235823 5602666.111833756),[9.4681846],0.0,0,1,58.0,90.77918264597866,-2.3773233781177368
2014-05-27 00:00:00,3.11,PO098024NR0087,786740.0360160915,5589385.333107724,64.0,60.89,10.0,60.5779661016949,59.0,POINT (786740.0360160915 5589385.333107724),[0.],0.0,0,1,54.0,65.95878915772575,5.380823056030849
2014-05-28 00:00:00,1.85,PO098025NR0110,785587.0497737441,5592577.486369852,68.0,66.15,10.0,65.425,54.0,POINT (785587.0497737441 5592577.486369852),[0.],0.0,0,1,58.0,70.87682817853806,5.451828178538065
2013-01-18 00:00:00,11.04,PO098026NR0074,797791.2739723391,5571351.061228579,53.0,41.96,30.0,42.14766233766234,77.0,POINT (797791.2739723391 5571351.061228579),[-128.13956],0.0,0,1,23.0,44.64785672287192,2.500194385209582
2015-06-03 00:00:00,4.65,PO0980290U0003,797737.3964736647,5567603.837605608,47.0,42.35,81.0,42.60666666666666,45.0,POINT (797737.3964736647 5567603.837605608),[-129.32632],0.0,0,1,-34.0,43.47166191509713,0.8649952484304677
2013-01-07 00:00:00,4.87,PO0980320U0002,774846.316242439,5587694.833736885,79.0,74.13,66.5,73.75759036144579,83.0,POINT (774846.316242439 5587694.833736885),[0.],0.0,0,1,12.5,73.08890536604972,-0.6686849953960774
2014-05-26 00:00:00,4.9,PO098049NR0141,795001.5387213234,5566307.689740608,46.0,41.1,12.0,40.214333333333336,60.0,POINT (795001.5387213234 5566307.6897406075),[-107.05675],0.0,0,1,34.0,42.94051648394,2.7261831506066656
2015-06-03 00:00:00,7.7,PO0980510U0001,802714.1375097329,5570057.327167708,50.0,42.3,56.6,42.15773584905661,53.0,POINT (802714.1375097329 5570057.3271677075),[-150.],0.0,0,1,-6.600000000000001,43.38062257148855,1.2228867224319444
2013-01-28 00:00:00,2.44,PO098052NR0037,788989.2191324839,5579303.2841442255,63.0,60.56,10.0,60.37275000000001,80.0,POINT (788989.2191324839 5579303.2841442255),[-10.815961],0.0,0,1,53.0,53.733137533197514,-6.639612466802497
2013-01-07 00:00:00,5.0,PO0980600U0001,779055.0981973206,5581600.476630978,70.0,65.0,59.0,64.49096385542168,83.0,POINT (779055.0981973206 5581600.476630978),[0.],0.0,0,1,11.0,64.66080741252941,0.16984355710772547
2013-01-23 00:00:00,0.7,PO0200030R0002,893745.6047481785,5565090.811226709,17.0,16.3,52.3,15.878433734939756,83.0,POINT (893745.6047481785 5565090.811226709),[-186.251],0.0,0,1,-35.3,17.77817308646474,1.8997393515249836
2015-04-29 00:00:00,2.28,PO020003NUP001,893739.635299648,5565852.109130509,19.0,16.72,124.0,15.96877192982456,57.0,POINT (893739.635299648 5565852.109130509),[-176.70734],0.0,0,1,-105.0,17.965359590457638,1.996587660633077
2013-01-07 00:00:00,2.0,PO020004NR0001,897864.8546271822,5574932.465079031,25.0,23.0,15.0,22.60795180722892,83.0,POINT (897864.8546271822 5574932.465079031),[-112.26],0.0,0,1,10.0,21.077228746822,-1.5307230604069169
2013-05-10 00:00:00,2.38,PO020010NR0001,857294.6030004466,5583912.458489765,48.0,45.62,60.0,45.01127272727273,55.0,POINT (857294.6030004466 5583912.458489765),[-121.96778],0.0,0,1,-12.0,40.50172088296223,-4.509551844310501
2013-01-30 00:00:00,0.23,PO0200150R0002,858403.5950170011,5587823.934587988,51.0,50.77,6.0,49.62342105263159,76.0,POINT (858403.5950170011 5587823.934587988),[-101.91679],0.0,0,1,45.0,49.62932472413843,0.005903671506835906
2013-12-09 00:00:00,17.05,PO020018NU0004,872199.4035377237,5591383.262584726,72.0,54.95,40.0,54.138787878787866,66.0,POINT (872199.4035377237 5591383.262584726),[-77.386343],0.0,0,1,32.0,50.59476190486617,-3.5440259739216984
2013-01-24 00:00:00,1.8,PO0200190R0001,868438.0904547469,5581624.99229696,42.0,40.2,78.0,39.86876712328768,73.0,POINT (868438.0904547469 5581624.99229696),[-134.20306],0.0,0,1,-36.0,32.19343768600031,-7.675329437287374
2013-01-21 00:00:00,6.4,PO0200210R0045,887512.0750285246,5569189.42971589,25.0,18.6,30.0,18.822289156626503,83.0,POINT (887512.0750285246 5569189.42971589),[-150.],0.0,0,1,-5.0,19.596722356040676,0.7744331994141724
2015-05-21 00:00:00,1.85,PO020021NRP001,881464.7772061058,5565770.729862418,20.0,18.15,40.0,17.242000000000004,25.0,POINT (881464.7772061058 5565770.729862418),[-225.06919],0.0,0,1,-20.0,18.668673473002087,1.426673473002083
2015-05-26 00:00:00,4.97,PO020023NUP001,936543.8748158786,5553635.129673916,11.0,6.03,50.0,5.074489795918368,49.0,POINT (936543.8748158786 5553635.129673916),[-188.54569],0.0,0,1,-39.0,5.392335272566996,0.3178454766486274
2013-01-11 00:00:00,1.55,PO0200240R0001,871179.646758975,5577384.830126299,37.0,35.45,15.0,34.97658536585366,82.0,POINT (871179.646758975 5577384.830126299),[-150.],0.0,0,1,22.0,27.78502969791765,-7.191555667936008
2013-01-22 00:00:00,1.71,PO0200270R0053,895239.8974522189,5549803.284211055,18.0,16.29,19.0,16.11297619047619,84.0,POINT (895239.8974522189 5549803.284211055),[-252.74047],0.0,0,1,-1.0,16.839915947244506,0.7269397567683171
2013-01-30 00:00:00,9.8,PO0200280R0056,870835.6007761644,5590014.026450668,65.0,55.2,54.0,54.26096385542171,83.0,POINT (870835.6007761644 5590014.026450668),[-87.822733],0.0,0,1,11.0,47.511313835688284,-6.749650019733423
2013-01-08 00:00:00,2.0,PO0200290R0002,917936.1599094853,5555836.512227119,13.0,11.0,15.0,10.762926829268288,82.0,POINT (917936.1599094851 5555836.512227119),[-200.],0.0,0,1,-2.0,12.438489891986423,1.675563062718135
2013-01-23 00:00:00,3.37,PO020030NU0004,888881.4100455967,5571644.622484488,20.0,16.63,16.0,16.483974358974358,78.0,POINT (888881.4100455967 5571644.6224844875),[-140.53459],0.0,0,1,4.0,20.74947421983722,4.265499860862864
2013-01-29 00:00:00,1.38,PO0200310R0062,875493.5235768104,5563022.337858456,18.0,16.62,8.0,15.234819277108434,83.0,POINT (875493.5235768104 5563022.337858456),[-256.62677],0.0,0,1,10.0,20.07863848982818,4.843819212719746
2013-01-15 00:00:00,1.308,PO020032NR0001,863247.476276066,5574154.834036961,30.0,28.692,25.0,27.80117105263158,76.0,POINT (863247.476276066 5574154.834036961),[-173.03098],0.0,0,1,5.0,26.871076943748918,-0.9300941088826633
2013-04-22 00:00:00,3.5,PO0200330R0002,886907.8659679453,5578680.233776623,27.0,23.5,38.0,22.096133333333324,75.0,POINT (886907.8659679453 5578680.233776623),[-108.01997],0.0,0,1,-11.0,26.53034554749697,4.434212214163647
2013-01-13 00:00:00,11.8,PO0200360R0070,878856.1220816855,5593501.4494242,111.0,99.2,17.0,97.94821917808218,73.0,POINT (878856.1220816855 5593501.4494242),[-42.185774],0.0,0,1,94.0,64.6079216124944,-33.34029756558779
2013-01-08 00:00:00,3.81,PO0200370R0002,882610.6645089601,5559424.362182526,19.0,15.19,13.0,15.000384615384617,78.0,POINT (882610.6645089601 5559424.362182526),[-329.65093],0.0,0,1,6.0,14.99690680538454,-0.003477810000076076
2013-01-25 00:00:00,1.02,PO0200380R0076,917358.4881267358,5564261.819902262,12.0,10.98,80.0,10.276875,48.0,POINT (917358.4881267358 5564261.819902262),[-146.29097],0.0,0,1,-68.0,10.544678280991477,0.2678032809914761
2013-01-23 00:00:00,1.05,PO0200400R0001,913744.028183887,5558920.42904438,10.0,8.95,51.0,8.546463414634145,82.0,POINT (913744.028183887 5558920.42904438),[-199.58113],0.0,0,1,-41.0,12.677250969388247,4.130787554754102
2013-01-23 00:00:00,0.23,PO0200420R0001,918918.4711821962,5552903.166842795,11.0,10.77,6.0,9.876835443037974,79.0,POINT (918918.4711821962 5552903.166842795),[-200.],0.0,0,1,5.0,12.453438857214676,2.5766034141767022
2013-02-01 00:00:00,2.0,PO0200460U0081,910108.559239578,5559402.283966977,12.0,10.0,180.0,9.82923076923077,65.0,POINT (910108.5592395781 5559402.283966977),[-185.84457],0.0,0,1,-168.0,13.158164781480735,3.328934012249965
2013-01-15 00:00:00,3.9,PO0200480U0084,865630.6466693606,5574271.119923086,30.0,26.1,182.0,26.617261904761914,84.0,POINT (865630.6466693606 5574271.119923086),[-166.92938],0.0,0,1,-152.0,26.6136219291146,-0.0036399756473137757
2013-02-01 00:00:00,1.3,PO020050NU0002,860482.1860359581,5562755.292018441,21.0,19.7,181.0,19.347407407407403,27.0,POINT (860482.1860359581 5562755.292018441),[-200.],0.0,0,1,-160.0,24.31101045683795,4.963603049430546
2013-01-21 00:00:00,1.18,PO0200530R0089,889543.334249345,5583457.143494137,33.0,31.82,30.0,31.620476190476204,84.0,POINT (889543.334249345 5583457.143494137),[-66.834947],0.0,0,1,3.0,31.091823133382032,-0.5286530570941714
2013-01-02 00:00:00,2.99,PO0200550U0093,894779.1399213355,5560485.806346843,14.0,11.01,176.0,11.104304347826083,138.0,POINT (894779.1399213355 5560485.806346843),[-251.7797],0.0,0,1,-162.0,17.241451852316118,6.137147504490034
2013-01-16 00:00:00,2.64,PO0200570U0002,894164.6833107374,5572833.435634336,22.0,19.36,10.5,19.22756097560977,82.0,POINT (894164.6833107374 5572833.4356343355),[-126.19838],0.0,0,1,11.5,20.70080153686858,1.4732405612588089
2013-01-13 00:00:00,2.96,PO0200590R0097,866248.7593692817,5565325.673749184,25.0,22.04,163.0,21.84464285714285,84.0,POINT (866248.7593692817 5565325.673749184),[-200.],0.0,0,1,-138.0,23.493773778299612,1.649130921156761
2013-01-15 00:00:00,2.25,PO020060NR0001,914070.0877048412,5554006.9080082,14.0,11.75,134.06,10.24779220779221,77.0,POINT (914070.0877048412 5554006.9080082),[-200.],0.0,0,1,-120.06,13.51461021102969,3.2668180032374803
2013-01-22 00:00:00,1.46,PO020061NR0001,928014.0495731856,5558358.239463549,14.0,12.54,10.0,11.788289473684207,76.0,POINT (928014.0495731857 5558358.239463549),[-198.98789],0.0,0,1,4.0,9.616961930678187,-2.1713275430060204
2015-05-26 00:00:00,5.95,PO020061NUP001,931324.0126303252,5556762.270948617,12.0,6.05,50.0,4.6926,50.0,POINT (931324.0126303252 5556762.270948617),[-200.],0.0,0,1,-38.0,7.391114287279883,2.6985142872798837
2013-01-15 00:00:00,1.25,PO0200680R0001,909149.8908387208,5570565.608806288,17.0,15.75,120.0,15.84972222222222,36.0,POINT (909149.8908387207 5570565.608806288),[-122.24898],0.0,0,1,-103.0,15.371961945321743,-0.47776027690047584
2013-01-08 00:00:00,1.0,PO0200700R0002,875689.4791503219,5589236.476236541,52.0,51.0,15.0,50.78109756097562,82.0,POINT (875689.4791503219 5589236.476236541),[-70.248972],0.0,0,1,37.0,44.906114386670744,-5.874983174304873
2013-01-04 00:00:00,5.18,PO0150150U0001,753967.4401019306,5592783.148055551,98.0,92.82,42.0,94.06985074626866,67.0,POINT (753967.4401019306 5592783.148055551),[10.556178],0.0,0,1,56.0,92.6278512648473,-1.4419994814213624
2016-02-01 00:00:00,29.8,PO015118NUP001,730419.5993991848,5616956.703897454,201.0,171.2,88.0,169.93034482758625,29.0,POINT (730419.5993991848 5616956.703897454),[109.62105],0.0,0,1,113.0,158.37600000408656,-11.55434482349969
2015-03-19 00:00:00,7.76,PO015140NR0109,766796.7191606266,5593108.250270753,89.0,81.24,21.0,80.896724137931,58.0,POINT (766796.7191606266 5593108.250270753),[0.],0.0,0,1,68.0,84.77919866943415,3.8824745315031493
2013-01-11 00:00:00,5.2,PO015146NU1353,760764.0604249102,5604180.4540825365,111.0,105.8,16.0,106.01287671232876,73.0,POINT (760764.0604249102 5604180.4540825365),[45.254133],0.0,0,1,95.0,106.03478320088635,0.021906488557590365
2013-01-11 00:00:00,9.1,PO015146NU1378,756115.1070434112,5602027.19190914,112.0,102.9,14.0,103.30661971830985,71.0,POINT (756115.1070434112 5602027.19190914),[38.683097],0.0,0,1,98.0,108.03999573075849,4.733376012448645
2013-01-11 00:00:00,3.75,PO015146NU1379,759862.5718695469,5599987.667579294,103.0,99.25,7.0,99.54985507246376,69.0,POINT (759862.5718695469 5599987.667579294),[29.476317],0.0,0,1,96.0,99.85538429534355,0.3055292228797981
2013-01-11 00:00:00,6.35,PO015146NU1435,750404.8351783325,5602187.90921967,115.0,108.65,9.0,108.7646575342466,73.0,POINT (750404.8351783325 5602187.90921967),[47.823987],0.0,0,1,106.0,110.88414914144275,2.119491607196153
2013-01-11 00:00:00,7.05,PO015146NU1496,746165.6863760368,5608060.6600951245,137.0,129.95,15.0,131.13479452054787,73.0,POINT (746165.6863760368 5608060.6600951245),[80.163784],0.0,0,1,122.0,120.78119454335175,-10.353599977196126
2013-01-11 00:00:00,15.1,PO015146NU1536,752304.8033760419,5606964.5088936975,135.0,119.9,19.0,120.68555555555552,72.0,POINT (752304.8033760419 5606964.5088936975),[65.560677],0.0,0,1,116.0,116.83297862933128,-3.852576926224245
2018-07-18 00:00:00,2.94,PO015173NR0001,757085.2326044603,5591981.659483956,95.0,92.06,30.0,91.735,18.0,POINT (757085.2326044603 5591981.659483956),[2.7264988],0.0,0,1,65.0,89.83604729776003,-1.898952702239967
2015-05-25 00:00:00,14.08,PO0152020U0025,770280.3921468641,5589961.453521357,83.0,68.92,28.0,68.72571428571429,42.0,POINT (770280.3921468641 5589961.453521357),[0.],0.0,0,1,55.0,78.80906946412156,10.083355178407274
2015-05-25 00:00:00,14.41,PO0152020U0026,770280.5310158838,5589961.346512344,83.0,68.59,60.0,69.43571428571427,35.0,POINT (770280.5310158838 5589961.346512344),[0.],0.0,0,1,23.0,78.80885476123932,9.373140475525048
2013-01-04 00:00:00,2.81,PO0152100U0004,772566.6222971162,5601469.017409436,101.0,98.19,43.0,97.89178571428576,56.0,POINT (772566.6222971162 5601469.017409436),[3.7864457],0.0,0,1,58.0,91.73918417209028,-6.152601542195484
2013-03-01 00:00:00,6.23,PO0152210U0001,781898.8711665649,5620521.610324975,168.0,161.77,32.98,161.62600000000006,35.0,POINT (781898.8711665649 5620521.610324975),[127.48235],0.0,0,1,135.02,161.6203432948342,-0.0056567051658475975
2013-01-04 00:00:00,2.98,PO0152350U0001,738775.4922342451,5597266.049453536,115.0,112.02,61.96,112.11126984126987,63.0,POINT (738775.4922342451 5597266.049453536),[42.7957],0.0,0,1,53.04,110.06757656456486,-2.0436932767050138
2013-01-04 00:00:00,4.18,PO0152360U0003,746906.1606038206,5590513.434542076,98.0,93.82,76.0,93.675873015873,63.0,POINT (746906.1606038206 5590513.434542076),[15.507655],0.0,0,1,22.0,93.17919395714041,-0.4966790587325818
2015-02-27 00:00:00,1.42,PO015247NR0185,746117.609684286,5597635.500964734,107.0,105.58,35.0,105.70576271186438,59.0,POINT (746117.609684286 5597635.500964734),[34.435882],0.0,0,1,72.0,105.70624242094866,0.0004797090842743046
2013-02-01 00:00:00,30.28,PO0152490U0002,720799.7944046773,5616491.400221854,198.0,167.72,60.0,168.6764516129032,62.0,POINT (720799.7944046773 5616491.400221854),[100.],0.0,0,1,138.0,158.48588866154822,-10.190562951354991
2016-01-15 00:00:00,2.26,PO018003NR0009,717445.7780720869,5586065.266301582,111.0,108.74,19.0,109.39408163265306,49.0,POINT (717445.7780720869 5586065.266301582),[60.320848],0.0,0,1,92.0,101.94113315556802,-7.45294847708503
2013-01-15 00:00:00,11.8,PO0180130U0005,766236.0113107038,5572764.915642086,72.0,60.2,60.0,60.64675675675675,74.0,POINT (766236.0113107038 5572764.915642086),[0.60168129],0.0,0,1,12.0,60.64683948009361,8.272333685965805e-05
2015-06-03 00:00:00,13.71,PO018014NRP001,742056.0593824775,5584749.148557665,93.0,79.28999999999999,47.0,79.821914893617,47.0,POINT (742056.0593824775 5584749.148557665),[5.6692832],0.0,0,1,46.0,87.23343209419919,7.411517200582182
2013-01-24 00:00:00,4.6,PO0180190U0001,758848.3570265662,5584111.9293596605,84.0,79.4,74.0,79.36250000000001,52.0,POINT (758848.3570265662 5584111.9293596605),[-25.292561],0.0,0,1,10.0,77.96893603229913,-1.393563967700885
2013-02-18 00:00:00,11.3,PO018032NR0001,750818.5040153394,5560844.529056691,73.0,61.7,17.0,61.37200000000001,50.0,POINT (750818.5040153394 5560844.529056691),[-2.9315672],0.0,0,1,56.0,61.6143630616158,0.2423630616157908
2014-05-28 00:00:00,5.5,PO0180350U0002,725085.9321948083,5593568.473612292,116.0,110.5,46.5,109.86875,24.0,POINT (725085.9321948083 5593568.473612292),[50.],0.0,0,1,69.5,106.06489488422704,-3.8038551157729614
2016-03-29 00:00:00,2.2,PO018043NUP001,760214.5680885041,5582998.735018107,81.0,78.8,15.0,78.84463414634145,41.0,POINT (760214.5680885041 5582998.735018107),[-28.937482],0.0,0,1,66.0,75.99151616912698,-2.853117977214467
2013-05-17 00:00:00,4.65,PO0180480U0004,782891.4127267774,5572418.032015147,53.0,48.35,20.0,48.18046875,64.0,POINT (782891.4127267774 5572418.032015147),[9.499434],0.0,0,1,33.0,49.43304847362072,1.2525797236207197
2016-02-25 00:00:00,2.0,PO018048NRP001,764566.7891879813,5575520.458160971,73.0,71.0,13.0,70.12,25.0,POINT (764566.7891879813 5575520.458160971),[-29.636347],0.0,0,1,60.0,65.16049685158063,-4.959503148419373
2013-01-14 00:00:00,3.8,PO0180500U0002,719819.473621684,5588662.190400049,115.0,111.2,50.0,111.21656716417908,67.0,POINT (719819.473621684 5588662.190400049),[53.813344],0.0,0,1,65.0,103.3780929839358,-7.838474180243281
2013-08-28 00:00:00,5.66,PO018062NRD002,730304.5022611492,5566084.172590262,89.0,83.34,20.0,81.83084745762713,59.0,POINT (730304.5022611492 5566084.172590262),[3.9844321],0.0,0,1,69.0,75.40140381660746,-6.429443641019674
2014-05-06 00:00:00,2.17,PO018065NRG001,717178.5023064293,5560404.808227497,86.0,83.83,10.0,82.88761904761905,21.0,POINT (717178.5023064293 5560404.808227497),[61.453383],0.0,0,1,76.0,83.12218168576581,0.23456263814675538
2013-02-13 00:00:00,20.39,PO018068NRP001,733384.9487365737,5583058.247131827,98.0,77.61,53.5,77.4682456140351,57.0,POINT (733384.9487365737 5583058.247131827),[12.600043],0.0,0,1,44.5,89.41063940317676,11.942393789141661
2013-01-16 00:00:00,5.2,PO0180690U0002,734879.1916183875,5576739.94069353,96.0,90.8,57.0,90.68753623188404,69.0,POINT (734879.1916183875 5576739.94069353),[0.],0.0,0,1,39.0,82.03721095357731,-8.650325278306724
2013-02-26 00:00:00,4.6,PO0180720U0002,752481.6096887183,5585724.963980661,89.0,84.4,76.5,84.87354838709679,31.0,POINT (752481.6096887183 5585724.963980661),[-6.3210103],0.0,0,1,12.5,83.09481825339425,-1.7787301337025383
2015-07-14 00:00:00,3.15,PO018072NUP001,754078.6440829836,5582644.06492528,86.0,82.85,20.0,82.24928571428568,42.0,POINT (754078.6440829836 5582644.0649252795),[-20.507547],0.0,0,1,66.0,78.06215766902545,-4.1871280452602235
2014-05-07 00:00:00,3.2,PO0180810U0111,763486.6302439121,5572495.927596672,69.0,65.8,20.0,65.57826086956523,23.0,POINT (763486.6302439121 5572495.9275966715),[-6.0555922],0.0,0,1,49.0,60.7080116998313,-4.870249169733924
2016-03-29 00:00:00,5.3,PO0181100U0111,752757.9530429427,5578533.300876113,83.0,77.7,17.0,78.38953488372094,43.0,POINT (752757.9530429427 5578533.300876113),[-28.44361],0.0,0,1,66.0,73.20594997939196,-5.183584904328981
2013-01-15 00:00:00,4.0,PO0181140U0002,777960.5207731413,5567374.412051154,51.0,47.0,24.0,47.24942857142858,70.0,POINT (777960.5207731413 5567374.412051154),[0.],0.0,0,1,27.0,49.03400086741583,1.784572295987246
2013-01-14 00:00:00,5.9,PO0181150U0006,754745.0964978455,5562372.046123487,63.0,57.1,19.5,57.31987341772151,79.0,POINT (754745.0964978455 5562372.046123487),[1.8567967],0.0,0,1,43.5,60.2378274705857,2.9179540528641894
2013-01-24 00:00:00,5.8,PO0181410U0001,759666.3062221112,5579968.307425348,81.0,75.2,80.0,75.01690909090912,55.0,POINT (759666.3062221112 5579968.307425348),[-38.674495],0.0,0,1,1.0,72.24052833140927,-2.776380759499858
2015-05-14 00:00:00,6.28,PO018147NUP001,733649.914355607,5568673.967027353,85.0,78.72,60.0,78.82666666666667,48.0,POINT (733649.914355607 5568673.967027353),[0.],0.0,0,1,25.0,75.23204533419215,-3.5946213324745173
2015-07-13 00:00:00,3.27,PO018162NUP001,754835.2585351281,5571712.76161608,59.0,55.73,14.0,54.84377777777775,45.0,POINT (754835.2585351281 5571712.76161608),[-46.950224],0.0,0,1,45.0,62.67917644770221,7.835398669924459
2015-07-14 00:00:00,1.29,PO018173NUP001,748851.55567068,5584697.056365581,92.0,90.71,15.0,89.86022222222222,45.0,POINT (748851.55567068 5584697.056365581),[0.],0.0,0,1,77.0,83.54895809201624,-6.311264130205984
2015-07-14 00:00:00,3.66,PO018176NUP001,759641.2115875488,5587153.487220958,86.0,82.34,20.0,81.75363636363637,44.0,POINT (759641.2115875488 5587153.487220958),[-15.733268],0.0,0,1,66.0,81.68955276320155,-0.0640836004348273
2013-01-16 00:00:00,5.45,PO0181770U0020,728949.8794484058,5588239.196912244,102.0,96.55,46.0,96.9848684210526,76.0,POINT (728949.8794484058 5588239.196912244),[33.502882],0.0,0,1,56.0,97.65022059117018,0.6653521701175862
2015-05-27 00:00:00,5.13,PO018180NUP001,770602.9693079938,5578779.292122313,69.0,63.87,73.0,63.61851851851852,27.0,POINT (770602.9693079938 5578779.292122313),[-8.391496],0.0,0,1,-4.0,67.3378345913303,3.719316072811786
2013-01-01 08:00:00,5.35,00314310001,701065.3595588881,5622458.09246887,254.0,248.65,13.0,249.63314166230856,7652.0,POINT (701065.3595588881 5622458.09246887),[208.58571],0.0,0,1,241.0,246.82609678460264,-2.80704487770592
2013-01-01 08:00:00,9.35,00206110001,688106.6873185073,5620141.443527266,257.0,247.65,23.0,247.8633339073516,5807.0,POINT (688106.6873185073 5620141.443527266),[217.87034],0.0,0,1,234.0,245.9244343535613,-1.9388995537902929
2013-01-01 04:00:00,5.19,00307310001,691736.5725976592,5618526.669754073,240.0,234.81,23.0,234.65641969959603,6924.0,POINT (691736.5725976592 5618526.669754073),[185.04534],0.0,0,1,217.0,233.95562212435325,-0.700797575242774
2013-01-01 04:00:00,3.01,00310010001,702707.4400911892,5616046.451628134,206.0,202.99,23.0,202.8409977798097,7657.0,POINT (702707.4400911892 5616046.451628134),[167.84413],0.0,0,1,183.0,206.27009103666222,3.429093256852525
2013-01-01 08:00:00,11.59,09600410001,663466.9017669702,5616127.721192195,379.0,367.41,28.0,367.2040197439461,6483.0,POINT (663466.9017669702 5616127.721192195),[348.17217],0.0,0,1,351.0,294.936317138759,-72.26770260518708
2013-01-01 08:00:00,4.31,00212210001,683214.1497414723,5612517.223281565,220.0,215.69,18.0,215.90686354648028,7585.0,POINT (683214.1497414723 5612517.223281565),[185.],0.0,0,1,202.0,215.92054272934305,0.013679182862773587
2013-01-01 04:00:00,3.94,00303010001,705485.1683846916,5611000.38704695,178.0,174.06,13.0,174.20895637408665,7656.0,POINT (705485.1683846916 5611000.38704695),[150.44907],0.0,0,1,165.0,165.0287072635731,-9.180249110513557
2013-01-01 08:00:00,5.11,00303210001,710528.9948518781,5609535.564226629,152.0,146.89,13.0,146.8167035427368,7593.0,POINT (710528.9948518781 5609535.564226629),[132.81721],0.0,0,1,139.0,147.9725404911268,1.1558369483900037
2013-01-01 08:00:00,4.78,09603110001,671694.430558244,5607607.03275234,225.0,220.22,18.0,220.4270099757369,7418.0,POINT (671694.430558244 5607607.03275234),[200.24563],0.0,0,1,207.0,230.52043509145122,10.093425115714325
2013-01-01 08:00:00,14.34,00202110001,680271.3125607418,5607225.228675575,190.0,175.66,23.0,175.28999738766944,7656.0,POINT (680271.3125607418 5607225.228675575),[155.41765],0.0,0,1,167.0,202.29659456385428,27.00659717618484
2013-01-01 04:00:00,1.83,00308310001,692972.7924390811,5608402.494345796,179.0,177.17,13.0,177.31872682162555,7658.0,POINT (692972.7924390811 5608402.494345796),[149.40854],0.0,0,1,166.0,175.16387595851054,-2.1548508631150014
2013-01-01 08:00:00,4.74,00205910001,682126.0850610685,5601004.785811105,158.0,153.26,13.0,153.5873294441744,6171.0,POINT (682126.0850610685 5601004.785811105),[134.83484],0.0,0,1,145.0,180.55215996687548,26.964830522701078
2013-01-01 08:00:00,1.76,00301810001,695638.0391425156,5604400.2581921695,159.0,157.24,13.0,157.29763709032662,6255.0,POINT (695638.0391425156 5604400.2581921695),[138.49258],0.0,0,1,146.0,157.20637864207063,-0.09125844825598506
2013-01-01 08:00:00,2.18,00313510001,702455.8190233718,5603737.871964776,153.0,150.82,13.0,150.87083904578995,7294.0,POINT (702455.8190233718 5603737.871964776),[125.89177],0.0,0,1,140.0,144.93595219880592,-5.934886846984028
2013-01-01 08:00:00,10.08,00313110001,717394.5272115071,5604549.329974741,144.0,133.92,28.0,134.39061576676653,7649.0,POINT (717394.5272115071 5604549.329974741),[105.14429],0.0,0,1,116.0,126.99791417415214,-7.392701592614387
2013-01-01 08:00:00,5.3,00314910001,718394.886975972,5601061.696382804,135.0,129.7,23.0,130.3222663215412,3477.0,POINT (718394.886975972 5601061.696382804),[79.956291],0.0,0,1,112.0,120.81669374251958,-9.505572579021631
2013-01-01 08:00:00,6.99,00304910001,722680.2254610105,5599700.183644276,123.0,116.01,18.0,116.68798212856731,7498.0,POINT (722680.2254610105 5599700.183644276),[78.446989],0.0,0,1,105.0,116.69079242366323,0.002810295095912352
2013-01-01 08:00:00,39.42,00200410001,664813.8483790326,5594846.707094077,245.0,205.58,41.0,205.4663435527475,6654.0,POINT (664813.8483790326 5594846.707094077),[185.],0.0,0,1,204.0,215.347117613775,9.880774061027495
2013-01-01 08:00:00,5.14,00201110001,668689.3302362257,5590355.115691626,185.0,179.86,13.0,179.42840771058815,7574.0,POINT (668689.3302362257 5590355.115691626),[136.95934],0.0,0,1,172.0,186.5564297576096,7.12802204702146
2013-01-01 08:00:00,2.58,00205210001,675607.609550571,5590687.849058751,167.0,164.42,13.0,164.57472618588625,5186.0,POINT (675607.609550571 5590687.849058751),[145.],0.0,0,1,154.0,176.23188168746526,11.657155501579012
2014-05-14 16:00:00,2.26,00212610001,679075.434112692,5590385.136604596,156.0,153.74,13.0,153.73295913088626,5799.0,POINT (679075.434112692 5590385.136604596),[142.97585],0.0,0,1,143.0,169.1154956905772,15.382536559690948
2013-01-01 08:00:00,2.38,00207010001,687112.0026304434,5586712.36029916,136.0,133.62,13.0,133.84709146077196,6921.0,POINT (687112.0026304434 5586712.36029916),[106.59962],0.0,0,1,123.0,142.71579887397908,8.868707413207119
2013-01-01 08:00:00,3.7,00215810001,691518.1098413637,5589763.324602033,131.0,127.3,16.0,127.37623148656124,7292.0,POINT (691518.1098413637 5589763.324602033),[103.25483],0.0,0,1,115.0,130.76144683112256,3.385215344561317
2013-01-01 04:00:00,1.29,00304110001,696157.0913736217,5598688.533889623,141.0,139.71,13.0,139.8351960461277,3035.0,POINT (696157.0913736217 5598688.533889623),[124.44669],0.0,0,1,128.0,138.07459484449018,-1.7606012016375132
2013-01-01 08:00:00,7.41,00316410001,700948.4808871987,5589656.624634274,116.0,108.59,13.0,109.19627730972388,7003.0,POINT (700948.4808871987 5589656.624634274),[95.],0.0,0,1,103.0,118.44550176059013,9.249224450866251
2013-01-01 08:00:00,2.42,00307710001,707131.896366636,5595515.378185841,133.0,130.58,16.0,130.6616809351322,6074.0,POINT (707131.896366636 5595515.378185841),[98.966767],0.0,0,1,117.0,122.0564065489252,-8.605274386207014
2013-01-01 08:00:00,1.61,00315810001,713573.6203859941,5592390.721674641,119.0,117.39,18.0,117.50224982155538,7005.0,POINT (713573.6203859941 5592390.721674641),[71.90964],0.0,0,1,101.0,112.11412732975423,-5.388122491801155
2013-01-01 08:00:00,3.93,00121710001,636823.5659943579,5587140.946564585,264.0,260.07,18.0,260.46809030773346,6954.0,POINT (636823.5659943579 5587140.946564585),[241.74988],0.0,0,1,246.0,269.4610971324908,8.993006824757344
2013-01-01 08:00:00,3.73,00130110001,621630.035461822,5581433.088943394,383.0,379.27,18.0,379.69322386496856,7643.0,POINT (621630.035461822 5581433.088943394),[356.14145],0.0,0,1,365.0,296.40760450486016,-83.2856193601084
2013-01-01 08:00:00,3.17,00124810001,628339.5508300944,5579384.07240876,319.0,315.83,18.0,316.7944237240592,7132.0,POINT (628339.5508300944 5579384.07240876),[287.04188],0.0,0,1,301.0,275.93263674157197,-40.86178698248722
2013-01-01 08:00:00,4.09,00131410001,640144.6621412383,5576017.980556244,220.0,215.91,18.0,216.4519100376692,4513.0,POINT (640144.6621412383 5576017.980556244),[197.87333],0.0,0,1,202.0,218.12569806573745,1.6737880280682589
2013-01-01 08:00:00,8.33,00108210001,651756.5608535702,5578223.455731449,193.0,184.67,28.0,183.9232464694012,5948.0,POINT (651756.5608535702 5578223.455731449),[155.61654],0.0,0,1,165.0,186.11125772405404,2.1880112546528494
2013-01-01 08:00:00,19.98,00122510001,655838.4871846335,5581700.207201424,206.0,186.02,23.0,185.68840744963816,5262.0,POINT (655838.4871846335 5581700.207201424),[153.64284],0.0,0,1,183.0,186.08006984892688,0.3916623992887196
2013-01-01 08:00:00,14.85,00212810001,660012.1706397015,5581508.111441763,193.0,178.15,28.0,178.87739208633093,5560.0,POINT (660012.1706397015 5581508.111441763),[142.72053],0.0,0,1,165.0,177.4319075422532,-1.4454845440777149
2013-01-01 08:00:00,9.85,00129310001,661437.4003734532,5576021.877266667,159.0,149.15,18.0,149.175003917473,7658.0,POINT (661437.4003734532 5576021.877266667),[130.48156],0.0,0,1,141.0,161.85473052836022,12.67972661088723
2013-01-01 08:00:00,3.33,00214810002,675038.9638782686,5583079.159968627,153.0,149.67,13.0,149.78147727272815,7656.0,POINT (675038.9638782686 5583079.159968627),[105.],0.0,0,1,140.0,168.21528735670353,18.433810083975374
2013-01-01 08:00:00,4.21,00211810001,681052.3841739412,5583109.9178395895,140.0,135.79,13.0,135.93124504885097,7574.0,POINT (681052.3841739412 5583109.9178395895),[109.9424],0.0,0,1,127.0,157.98845006764913,22.057205018798157
2014-04-03 16:00:00,1.65,00610910001,689525.6935211761,5573412.588892316,119.0,117.35,13.0,117.00539379474918,6285.0,POINT (689525.6935211761 5573412.5888923155),[91.055923],0.0,0,1,106.0,124.6190778876359,7.613684092886714
2013-01-01 08:00:00,2.78,00209110001,693401.6265819496,5580767.421807065,120.0,117.22,13.0,118.10294117647042,4879.0,POINT (693401.6265819496 5580767.421807065),[83.288781],0.0,0,1,107.0,122.51420451078924,4.411263334318818
2013-01-01 08:00:00,2.64,00209310001,698485.0464546795,5583382.66882606,117.0,114.36,18.0,114.91516463752149,7228.0,POINT (698485.0464546795 5583382.66882606),[70.],0.0,0,1,99.0,115.31460191857092,0.39943728104942977
2013-01-01 08:00:00,2.5,00208210001,702133.4199388403,5576341.455804501,105.0,102.5,18.0,102.88552285269496,7067.0,POINT (702133.4199388403 5576341.455804501),[54.633444],0.0,0,1,87.0,104.77820908107326,1.8926862283782953
2013-01-01 08:00:00,4.98,00106310001,628910.3444619471,5574074.229852389,282.0,277.02,18.0,277.1481233766248,6160.0,POINT (628910.3444619471 5574074.229852389),[250.297],0.0,0,1,264.0,257.44701675174304,-19.70110662488179
2013-01-01 08:00:00,14.79,00109910003,624630.7742303638,5569832.265878052,278.0,263.21,20.0,263.4478945736444,6450.0,POINT (624630.7742303638 5569832.2658780515),[244.75672],0.0,0,1,258.0,251.62027419193222,-11.827620381712194
2013-01-01 08:00:00,15.99,00129210001,628123.0358815341,5569470.607504458,264.0,248.01,33.0,247.74661987188128,7337.0,POINT (628123.0358815341 5569470.607504458),[219.45938],0.0,0,1,231.0,244.81514996675295,-2.931469905128324
2013-01-01 08:00:00,8.4,00607310001,702588.8010136583,5570072.887778547,104.0,95.6,18.0,96.18964680851067,7050.0,POINT (702588.8010136583 5570072.887778547),[49.47121],0.0,0,1,86.0,100.43338328363501,4.2437364751243365
2013-01-01 08:00:00,2.99,00617810001,707840.4120366605,5566075.985300395,95.0,92.01,13.0,92.21730538139974,7656.0,POINT (707840.4120366605 5566075.985300395),[65.492767],0.0,0,1,82.0,92.83284966211879,0.6155442807190497
2013-01-01 08:00:00,25.79,00109010001,624186.6748620762,5565684.761209956,291.0,265.21,28.0,264.9846320819124,7325.0,POINT (624186.6748620762 5565684.761209956),[245.36881],0.0,0,1,263.0,245.92900168461188,-19.055630397300547
2013-01-01 08:00:00,22.1,00127210001,631020.6977721108,5561129.059358473,250.0,227.9,40.0,228.21954979733343,6908.0,POINT (631020.6977721108 5561129.059358473),[205.],0.0,0,1,210.0,233.29511788421007,5.075568086876643
2013-01-01 08:00:00,15.59,00117110001,621174.20488602,5557443.012280403,275.0,259.41,23.0,260.2550879978864,7557.0,POINT (621174.20488602 5557443.012280403),[220.],0.0,0,1,252.0,244.17057855745142,-16.08450944043497
2013-01-01 08:00:00,3.11,00105110001,626703.8260570598,5551093.244875368,236.0,232.89,18.0,233.0980611715912,3858.0,POINT (626703.8260570598 5551093.244875368),[214.84842],0.0,0,1,218.0,235.01557604069305,1.9175148691018364
2013-01-01 08:00:00,4.48,00112710001,632817.7095850038,5551778.320109346,225.0,220.52,33.0,220.84704746317405,3055.0,POINT (632817.7095850038 5551778.320109346),[182.44133],0.0,0,1,192.0,227.15221585714127,6.305168393967222
2013-01-01 08:00:00,5.43,00608710001,730051.9277353775,5558807.4005993325,75.0,69.57,13.0,69.71112386314444,4618.0,POINT (730051.9277353775 5558807.4005993325),[20.],0.0,0,1,62.0,70.42176707710338,0.7106432139589458
2013-01-01 08:00:00,2.54,00615110001,726445.7947682403,5554475.6186946845,81.0,78.46,13.0,78.57537840785187,4585.0,POINT (726445.7947682403 5554475.6186946845),[38.061611],0.0,0,1,68.0,75.96968142382642,-2.6056969840254567
2013-01-01 08:00:00,6.08,00605310001,732316.5091277822,5553455.287792933,86.0,79.92,23.0,79.59260121049009,7435.0,POINT (732316.5091277822 5553455.287792933),[40.503448],0.0,0,1,63.0,74.39857795528283,-5.194023255207256
2013-01-01 08:00:00,17.35,00613210001,736514.8031710557,5552292.226520921,96.0,78.65,23.0,80.86393284515101,5599.0,POINT (736514.8031710557 5552292.226520921),[66.491028],0.0,0,1,73.0,75.14373113255941,-5.720201712591603
2013-01-01 08:00:00,23.92,00104110001,611901.4561768,5542728.060352238,299.0,275.08,33.0,275.9751046025097,4780.0,POINT (611901.4561768 5542728.060352238),[234.5919],0.0,0,1,266.0,258.42577108298104,-17.54933351952866
2013-01-01 08:00:00,2.27,00126010001,618392.2318596422,5543954.232889776,258.0,255.73,23.0,255.9158345622751,7459.0,POINT (618392.2318596422 5543954.232889776),[213.82608],0.0,0,1,235.0,249.1351114392789,-6.780723122996221
2013-01-01 08:00:00,2.44,00131010001,624255.7185599161,5541765.512956029,243.0,240.56,13.0,240.4937631578965,5320.0,POINT (624255.7185599161 5541765.512956029),[214.17712],0.0,0,1,230.0,241.9330321416069,1.4392689837104058
2013-01-01 08:00:00,5.98,00105910002,634244.2743921233,5543793.5914939055,230.0,224.02,13.0,224.2151028242421,7294.0,POINT (634244.2743921233 5543793.5914939055),[180.],0.0,0,1,217.0,229.49456310655873,5.27946028231662
2013-01-01 08:00:00,6.08,00105910001,637399.5647839564,5540912.357504669,241.0,234.92,23.0,235.31962780149644,7496.0,POINT (637399.5647839564 5540912.357504669),[202.5105],0.0,0,1,218.0,238.90542764890165,3.5857998474052124
2013-01-01 08:00:00,3.23,00600310003,707604.239115833,5548897.025585847,94.0,90.77,13.0,90.7494252181765,6646.0,POINT (707604.239115833 5548897.025585847),[70.749064],0.0,0,1,81.0,91.53508056491555,0.7856553467390484
2013-01-01 08:00:00,3.1,00600310004,709336.6761401724,5548803.565920261,89.0,85.9,13.0,86.0811054276781,7038.0,POINT (709336.6761401724 5548803.565920261),[69.90879],0.0,0,1,76.0,89.73969651944877,3.658591091770674
2013-01-01 08:00:00,6.86,00600310002,704454.2404066834,5543849.914500182,98.0,91.14,23.0,91.0239607586654,7645.0,POINT (704454.2404066834 5543849.914500182),[73.412545],0.0,0,1,75.0,95.11143888133847,4.087478122673076
2013-01-01 08:00:00,9.33,00600310001,709561.2496852333,5544903.679175644,96.0,86.67,23.0,86.71007789095215,8345.0,POINT (709561.2496852333 5544903.679175644),[62.104157],0.0,0,1,73.0,91.78163431878545,5.0715564278333005
2013-01-01 08:00:00,7.44,00617410002,730921.609648771,5545556.011476944,111.0,103.56,19.0,103.73685516520706,7657.0,POINT (730921.609648771 5545556.011476944),[90.377151],0.0,0,1,92.0,87.90331300686499,-15.83354215834207
2013-01-01 08:00:00,22.61,00107010001,609391.0531632534,5533086.856693589,299.0,276.39,28.0,276.7487735109743,7656.0,POINT (609391.0531632534 5533086.856693589),[238.52278],0.0,0,1,271.0,266.05082862220445,-10.697944888769825
2013-01-01 08:00:00,2.16,00414310002,621709.9484470696,5530893.259439774,251.0,248.84,28.0,248.82575104492804,7656.0,POINT (621709.9484470696 5530893.259439774),[199.27506],0.0,0,1,223.0,255.95655817986864,7.130807134940596
2013-01-01 08:00:00,4.64,00417910001,634787.7471167337,5531519.36258161,258.0,253.36,23.0,253.80429839588675,6421.0,POINT (634787.7471167337 5531519.36258161),[207.53759],0.0,0,1,235.0,271.51351392498344,17.709215529096696
2013-01-01 08:00:00,4.81,00404110001,638628.5867168253,5533050.169086214,256.0,251.19,13.0,251.2189488636353,3520.0,POINT (638628.5867168253 5533050.169086214),[214.13218],0.0,0,1,243.0,271.8166279201937,20.597679056558405
2013-01-01 08:00:00,12.1,00607510001,716076.2339189742,5538660.4919676585,105.0,92.9,23.0,93.99944046671988,7542.0,POINT (716076.2339189742 5538660.4919676585),[70.682733],0.0,0,1,82.0,101.95486325306669,7.955422786346816
2013-01-01 08:00:00,18.2,00602110001,722387.13520489,5539367.13307333,127.0,108.8,28.0,112.38684846819716,7279.0,POINT (722387.13520489 5539367.13307333),[79.958055],0.0,0,1,99.0,101.27342148196341,-11.113426986233748
2013-01-01 08:00:00,5.4,00421710001,625181.449229783,5522663.903673104,286.0,280.6,23.0,280.455863941693,6997.0,POINT (625181.449229783 5522663.903673104),[238.64294],0.0,0,1,263.0,298.77930778910905,18.32344384741606
2016-10-17 00:00:00,10.0,00421510001,632350.550162735,5518011.00266196,315.0,305.0,18.0,311.24185040552896,3329.0,POINT (632350.550162735 5518011.00266196),[259.43285],0.0,0,1,297.0,332.93287691646293,21.691026510933966
2013-01-01 08:00:00,10.05,00605210001,706592.0397531986,5529137.131225642,128.0,117.95,18.0,118.43972863247882,4680.0,POINT (706592.0397531986 5529137.131225642),[100.],0.0,0,1,110.0,119.57368361975409,1.133954987275274
2013-09-01 00:00:00,21.03,00601210001,719110.8952792517,5531060.0096785845,156.0,134.97,31.0,134.18284799068192,6868.0,POINT (719110.8952792517 5531060.0096785845),[116.71794],0.0,0,1,125.0,112.88235521085628,-21.300492779825646
2013-01-01 08:00:00,4.78,00611410001,725320.9822886025,5531166.047895679,190.0,185.22,18.0,184.81650551760637,7612.0,POINT (725320.9822886025 5531166.047895679),[134.1743],0.0,0,1,172.0,122.85747324903244,-61.959032268573935
2013-01-01 08:00:00,4.01,00425010001,626248.3851601059,5509915.982031539,385.0,380.99,18.0,380.6737802717076,1693.0,POINT (626248.3851601059 5509915.982031539),[334.31811],0.0,0,1,367.0,381.48967831201804,0.8158980403104579
2013-01-01 08:00:00,4.35,00408910001,638771.3678390649,5509670.525625464,366.0,361.65,18.0,361.87756666666616,7200.0,POINT (638771.3678390649 5509670.525625464),[319.20777],0.0,0,1,348.0,373.40181061466785,11.524243948001697
2013-01-01 08:00:00,54.26,00403410001,619438.4799526813,5503327.116778198,492.0,437.74,73.0,437.6346053328596,5663.0,POINT (619438.4799526813 5503327.116778198),[388.78088],0.0,0,1,419.0,433.55556359453425,-4.0790417383253725
2013-01-01 08:00:00,23.78,00422510001,622912.3002802961,5504368.391036982,454.0,430.22,52.0,430.504862217575,7657.0,POINT (622912.3002802961 5504368.391036982),[378.14492],0.0,0,1,402.0,419.48230899160785,-11.022553225967158
2013-01-01 08:00:00,11.23,00408910002,632732.679678786,5501255.143901894,408.0,396.77,28.0,397.6500199760292,7509.0,POINT (632732.679678786 5501255.143901894),[350.21646],0.0,0,1,380.0,412.2594870731788,14.609467097149547
2013-01-01 08:00:00,41.52,00407810001,623702.1730560494,5493726.12742941,520.0,478.48,58.0,479.20311562385655,5466.0,POINT (623702.1730560494 5493726.12742941),[423.00394],0.0,0,1,462.0,452.2255156047755,-26.977600019081024
2013-03-11 00:00:00,0.05,BO-F02-00,933402.5850595696,5514622.46637444,21.0,20.95,7.5,19.934318783068782,21.0,POINT (933402.5850595695 5514622.46637444),[-250.],0.0,0,1,13.5,22.67077660399664,2.736457820927857
2013-04-11 00:00:00,0.0583333333333333,BO-F04-00,950832.3705631108,5520094.566627353,11.0,10.941666666666666,7.3,9.728037037037035,15.0,POINT (950832.3705631107 5520094.566627353),[-169.42203],0.0,0,1,3.7,13.91236884286253,4.1843318058254955
2013-04-02 00:00:00,0.0645833333333333,BO-F08-00,936365.8988869468,5518779.25595291,17.0,16.935416666666665,6.7,15.754880952380956,14.0,POINT (936365.8988869468 5518779.25595291),[-199.16414],0.0,0,1,10.3,20.313510071821945,4.5586291194409885
2013-01-17 00:00:00,0.1631944444444444,BO-F12-00,951668.1624465884,5503954.457780926,28.0,27.83680555555556,0.2951388888888889,26.347973484848488,22.0,POINT (951668.1624465883 5503954.457780926),[-198.08995],0.0,0,1,27.70486111111111,26.739331972345777,0.3913584874972891
2013-04-11 00:00:00,0.0451388888888888,BO-F13-00,947467.447289384,5505946.873878129,30.0,29.95486111111111,0.3368055555555556,28.80524801587301,14.0,POINT (947467.447289384 5505946.873878129),[-186.01491],0.0,0,1,29.663194444444443,27.409755072079367,-1.3954929437936414
2013-04-04 00:00:00,0.1166666666666666,BO-F15-00,964280.0324772032,5495297.818635698,36.0,35.88333333333333,6.3,34.412018518518515,15.0,POINT (964280.0324772032 5495297.818635698),[-125.56804],0.0,0,1,29.7,27.125518693069946,-7.286499825448569
2013-04-04 00:00:00,0.0222222222222222,BO-F16-00,968876.4758469588,5494754.7789896205,26.0,25.977777777777774,10.0,25.34741071428571,14.0,POINT (968876.4758469588 5494754.7789896205),[-174.77667],0.0,0,1,16.0,23.746425916663455,-1.6009847976222567
2013-04-02 00:00:00,0.0388888888888888,BO-F21-00,930285.6556806704,5507266.318683803,34.0,33.96111111111111,7.4,32.12061507936508,14.0,POINT (930285.6556806704 5507266.318683803),[-184.14017],0.0,0,1,26.6,37.11068736790869,4.990072288543608
2013-04-22 00:00:00,1.1,FC-F04-00,1005013.1012758998,5470676.101671969,23.0,21.9,0.4527777777777778,21.72405753968254,14.0,POINT (1005013.1012758998 5470676.101671969),[-62.131301],0.0,0,1,22.54722222222222,22.52712815808954,0.8030706184069984
2013-04-18 00:00:00,0.1034722222222222,FC-F06-00,1015331.2542185864,5467445.295748902,24.0,23.896527777777777,0.38125,22.774325396825397,14.0,POINT (1015331.2542185865 5467445.295748902),[-150.],0.0,0,1,23.61875,22.321584323635676,-0.45274107318972057
2013-04-22 00:00:00,0.0513888888888888,FC-F07-00,1027120.0657553744,5460455.437864101,21.0,20.948611111111116,0.3777777777777777,20.126130952380954,14.0,POINT (1027120.0657553745 5460455.437864101),[-64.146747],0.0,0,1,20.622222222222224,12.332191984096314,-7.793938968284641
2013-04-03 00:00:00,0.1,FC77-00,1006102.024394872,5472802.614298544,18.0,17.9,128.0,16.49954365079365,14.0,POINT (1006102.0243948721 5472802.614298544),[-110.50377],0.0,0,1,-110.0,18.477050548774542,1.9775068979808914
2013-04-17 00:00:00,0.1090277777777777,FC85-00,1002612.9566152176,5468119.993442045,27.0,26.89097222222222,,25.72222222222222,14.0,POINT (1002612.9566152177 5468119.993442045),[-18.296278],0.0,0,1,,,
2013-04-18 00:00:00,0.0618055555555555,FE-F09-00,970108.6720921908,5529628.861885619,1.0,0.9381944444444444,3.2,0.2798809523809523,14.0,POINT (970108.6720921907 5529628.861885619),[-150.],0.0,0,1,-2.2,3.771816781750209,3.4919358293692566
2013-04-22 00:00:00,0.0673611111111111,FE-F13-00,979354.6949765424,5547271.751320974,2.0,1.9326388888888888,0.2145833333333333,0.9979960317460316,14.0,POINT (979354.6949765423 5547271.751320974),[-200.],0.0,0,1,1.7854166666666667,2.3638719664726584,1.3658759347266267
2013-04-24 00:00:00,0.0541666666666666,FE-F21-00,1009453.7066167052,5525104.677228857,2.0,1.9458333333333333,0.0930555555555555,1.3636904761904762,14.0,POINT (1009453.7066167052 5525104.677228857),[-57.695891],0.0,0,1,1.9069444444444446,0.598118027724623,-0.7655724484658533
2013-04-24 00:00:00,4.0,FE-F22-00,1001299.3306261712,5528844.007949515,-3.0,-7.0,0.2319444444444444,-5.933630952380952,14.0,POINT (1001299.3306261711 5528844.007949515),[-147.72434],0.0,0,1,-3.2319444444444443,0.9460286732826368,6.879659625663589
2013-05-22 00:00:00,0.0472222222222222,FE-F24-00,1011314.3191905064,5538586.271085611,5.0,4.9527777777777775,0.1243055555555555,4.2940000000000005,15.0,POINT (1011314.3191905065 5538586.271085611),[-125.50863],0.0,0,1,4.875694444444444,-0.006390518900918352,-4.300390518900919
2013-04-18 00:00:00,0.6,FE-F26-00,988671.1571599438,5534225.606722758,-1.0,-1.6,0.1770833333333333,-1.552876984126984,14.0,POINT (988671.1571599438 5534225.606722758),[-182.30899],0.0,0,1,-1.1770833333333333,1.6516914335258404,3.2045684176528244
2013-04-09 00:00:00,2.5,FE07-01,971263.823667161,5550970.529333526,7.0,4.5,50.0,3.8409722222222222,14.0,POINT (971263.823667161 5550970.529333526),[-200.],0.0,0,1,-43.0,1.8614650351143567,-1.9795071871078656
2013-04-09 00:00:00,0.4,FE13-01,986686.8538283012,5553023.756853189,-2.0,-2.4,49.0,-3.5374007936507934,14.0,POINT (986686.8538283011 5553023.756853189),[-197.08786],0.0,0,1,-51.0,0.33866447963243473,3.876065273283228
2013-04-09 00:00:00,-0.05,FE15-00,996640.481610122,5551014.725017609,-5.0,-4.95,55.0,-4.694652777777777,14.0,POINT (996640.4816101221 5551014.725017609),[-196.31524],0.0,0,1,-60.0,0.8475310492797448,5.542183827057522
2013-04-17 00:00:00,2.2,FE38-00,983724.6917372372,5529630.524891811,-1.0,-3.2,132.0,-2.866468253968254,14.0,POINT (983724.6917372372 5529630.524891811),[-180.63362],0.0,0,1,-133.0,2.3231358768023824,5.189604130770636
2013-04-17 00:00:00,1.4,FE39-01,980570.1077844686,5528710.864023815,-1.0,-2.4,122.0,-2.38031746031746,14.0,POINT (980570.1077844686 5528710.864023815),[-189.02982],0.0,0,1,-123.0,2.6926007639548857,5.072918224272346
2013-05-30 00:00:00,0.8,FE47-01,970440.9695300306,5522305.127356403,-1.0,-1.8,130.0,-2.0190476190476185,14.0,POINT (970440.9695300306 5522305.127356403),[-138.08428],0.0,0,1,-131.0,4.397693406792143,6.416741025839762
2013-04-11 00:00:00,1.6,FE48-00,980924.638087736,5518797.994519138,1.0,-0.6000000000000001,80.0,-0.2100198412698413,14.0,POINT (980924.6380877361 5518797.994519138),[-200.],0.0,0,1,-79.0,3.268068216541508,3.478088057811349
2013-04-16 00:00:00,0.0659722222222222,FE53-00,936595.2501739656,5542855.497706093,6.0,5.934027777777778,30.0,5.3295634920634924,14.0,POINT (936595.2501739657 5542855.497706093),[-100.],0.0,0,1,-24.0,9.869772808098439,4.540209316034947
2013-03-21 00:00:00,2.5,FE56-00,954402.2990440292,5540666.573833999,5.0,2.5,60.0,2.3847222222222224,14.0,POINT (954402.2990440292 5540666.573833999),[-91.642891],0.0,0,1,-55.0,4.8052318080273935,2.420509585805171
2013-03-21 00:00:00,0.1354166666666666,FE58-02,957397.8220460326,5541320.630038268,6.0,5.864583333333333,45.0,4.38204365079365,14.0,POINT (957397.8220460326 5541320.630038268),[-95.050394],0.0,0,1,-39.0,4.062918840683871,-0.31912481010977967
2013-03-14 00:00:00,0.1861111111111111,FE60-00,957092.12821139,5536069.921316908,8.0,7.813888888888889,42.0,4.450793650793651,14.0,POINT (957092.12821139 5536069.921316908),[-112.47268],0.0,0,1,-34.0,5.294608704607725,0.8438150538140743
2013-04-15 00:00:00,2.5,FE64-00,980588.013601624,5552595.653799937,1.0,-1.5,70.0,-0.9541666666666668,14.0,POINT (980588.0136016239 5552595.653799937),[-200.],0.0,0,1,-69.0,0.257430262327361,1.2115969289940278
2013-04-11 00:00:00,0.6,FE74-00,998350.9572650022,5513188.178475915,-7.0,-7.6,86.0,-7.567162698412697,14.0,POINT (998350.9572650022 5513188.178475915),[-198.49473],0.0,0,1,-93.0,0.4207263275371105,7.987889025949808
2013-04-22 00:00:00,1.5,FE75-00,976480.5965026896,5540849.452055311,1.0,-0.5,30.0,-0.536904761904762,14.0,POINT (976480.5965026896 5540849.452055311),[-100.],0.0,0,1,-29.0,2.2520086087235214,2.7889133706282836
2013-01-15 00:00:00,0.0430555555555555,MO-F01-00,909179.2627725024,5519889.961046068,26.0,25.95694444444445,12.0,25.215144230769223,26.0,POINT (909179.2627725023 5519889.961046068),[-260.23986],0.0,0,1,14.0,35.429823903090124,10.214679672320901
2013-01-09 00:00:00,1.0,MO-F02-00,900951.7065420136,5521370.226071671,35.0,34.0,3.8,34.45153806584363,27.0,POINT (900951.7065420137 5521370.226071671),[-228.92376],0.0,0,1,31.2,34.56659924264531,0.1150611768016816
2013-04-22 00:00:00,0.0840277777777777,MO-F05-00,908785.0298539196,5529773.0622903,26.0,25.915972222222223,0.2381944444444444,25.073333333333338,16.0,POINT (908785.0298539196 5529773.0622903),[-235.55674],0.0,0,1,25.761805555555554,28.697486659136704,3.6241533258033662
2013-01-15 00:00:00,0.0118055555555555,MO-F08-00,919310.0086421428,5533545.5638283575,19.0,18.98819444444445,6.6,18.81030864197531,27.0,POINT (919310.0086421429 5533545.5638283575),[-143.34953],0.0,0,1,12.4,17.313452609302058,-1.4968560326732536
2013-04-22 00:00:00,0.0840277777777777,MO03-02,914167.567175677,5544630.920238658,15.0,14.915972222222225,45.0,13.180555555555555,14.0,POINT (914167.567175677 5544630.920238658),[-78.496492],0.0,0,1,-30.0,15.180584649623064,2.000029094067509
2013-03-26 00:00:00,0.0027777777777777,MO22-01,913548.625536808,5515708.734000526,33.0,32.99722222222222,62.0,32.78836309523809,14.0,POINT (913548.6255368079 5515708.734000526),[-226.5711],0.0,0,1,-29.0,38.372340152264,5.583977057025912
2013-03-26 00:00:00,0.0159722222222222,MO56-02,911037.907443528,5514048.78519947,37.0,36.984027777777776,100.0,36.38274801587301,14.0,POINT (911037.9074435281 5514048.78519947),[-184.04544],0.0,0,1,-63.0,42.012633858865726,5.629885842992714
2013-03-26 00:00:00,0.0152777777777777,MO74-00,918836.0574987272,5511936.315023692,35.0,34.984722222222224,52.0,34.41831349206349,14.0,POINT (918836.0574987273 5511936.315023692),[-150.26879],0.0,0,1,-17.0,39.75858631965026,5.340272827586773
2013-01-15 00:00:00,0.0944444444444444,PC-F01-00,784729.3137389552,5562656.834309032,58.0,57.90555555555556,6.1,57.29647817460319,28.0,POINT (784729.3137389552 5562656.834309032),[0.],0.0,0,1,51.9,49.49848279137078,-7.797995383232404
2013-01-15 00:00:00,3.4,PC-F03-00,803889.0949389436,5560902.119280752,49.0,45.6,7.2,47.01706845238096,28.0,POINT (803889.0949389436 5560902.119280752),[-68.58357],0.0,0,1,41.8,43.30818873900466,-3.708879713376298
2013-04-15 00:00:00,0.0951388888888888,PC-F05-00,817093.2829390755,5560556.388981772,43.0,42.90486111111111,4.0,41.57125992063492,14.0,POINT (817093.2829390755 5560556.388981772),[-146.53755],0.0,0,1,39.0,37.09372669682751,-4.477533223807413
2013-05-16 00:00:00,0.0590277777777777,PC28-00,822647.4118314765,5547866.195833186,54.0,53.94097222222222,30.0,53.39892857142858,14.0,POINT (822647.4118314765 5547866.195833186),[-7.3205417],0.0,0,1,24.0,42.67454336051429,-10.724385210914285
2013-04-15 00:00:00,0.0965277777777777,PR-F06-00,852033.9381876327,5542983.7922657775,35.0,34.90347222222222,0.30625,33.411428571428566,14.0,POINT (852033.9381876327 5542983.7922657775),[-207.68975],0.0,0,1,34.69375,31.342675637572025,-2.0687529338565405
2013-01-28 00:00:00,0.1493055555555555,PR-F07-00,845844.8678481982,5547149.972812204,33.0,32.85069444444444,0.3486111111111111,31.5725373931624,26.0,POINT (845844.8678481982 5547149.972812204),[-179.44995],0.0,0,1,32.65138888888889,31.569334013593025,-0.0032033795693742206
2013-04-16 00:00:00,0.0451388888888888,PR-F10-01,825701.6551919422,5549615.600099025,48.0,47.95486111111112,0.2861111111111111,47.033283730158736,14.0,POINT (825701.6551919422 5549615.600099025),[-11.156177],0.0,0,1,47.71388888888889,34.49266052501518,-12.540623205143554
2013-04-15 00:00:00,0.0590277777777777,PR-F11-00,833324.8431433882,5541491.548394096,65.0,64.94097222222223,0.3048611111111111,62.87999007936508,14.0,POINT (833324.8431433882 5541491.548394096),[-5.0749018],0.0,0,1,64.69513888888889,47.84909330186642,-15.030896777498661
2013-02-14 00:00:00,0.1888888888888888,RA-F01-00,982425.011813206,5510814.157949125,4.0,3.811111111111111,0.2590277777777778,2.8388991769547336,27.0,POINT (982425.011813206 5510814.157949125),[-221.27855],0.0,0,1,3.740972222222222,4.085524533290905,1.2466253563361716
2013-04-15 00:00:00,0.0541666666666666,RA-F06-00,1010309.9633484544,5499741.412926257,-2.0,-2.0541666666666667,10.0,-2.720426587301588,14.0,POINT (1010309.9633484543 5499741.412926257),[-252.50837],0.0,0,1,-12.0,0.45768160178957906,3.178108189091167
2013-04-17 00:00:00,1.7,RA-F13-01,992046.5359293912,5495011.807935935,5.0,3.3,7.0,3.6362599206349207,14.0,POINT (992046.5359293913 5495011.8079359345),[-250.],0.0,0,1,-2.0,9.501761342223997,5.865501421589077
2013-04-17 00:00:00,0.0368055555555555,RA-F14-00,999646.7303892263,5491582.440138996,5.0,4.9631944444444445,0.3090277777777778,3.9172023809523817,14.0,POINT (999646.7303892265 5491582.440138996),[-250.],0.0,0,1,4.690972222222222,7.762267013779278,3.845064632826896
2013-04-15 00:00:00,0.13125,RA24-00,1015326.3585610642,5507778.54929224,4.0,3.86875,265.3,3.028005952380952,14.0,POINT (1015326.3585610642 5507778.54929224),[-299.04454],0.0,0,1,-261.3,0.2782636329844763,-2.749742319396476
2013-05-15 00:00:00,0.3590277777777778,RA49-00,1006967.816533266,5496034.433694463,-1.0,-1.3590277777777775,229.0,-1.7298611111111113,14.0,POINT (1006967.8165332661 5496034.433694463),[-251.41896],0.0,0,1,-230.0,2.438476738272385,4.168337849383496
2013-04-16 00:00:00,4.6,RA66-01,1013072.278607248,5483489.562996915,-2.0,-6.6,150.0,-4.21625992063492,14.0,POINT (1013072.278607248 5483489.562996915),[-290.12979],0.0,0,1,-152.0,3.390456263318754,7.606716183953674
2013-04-22 00:00:00,0.3944444444444444,RA71-00,979442.1331596016,5508121.192766538,1.0,0.6055555555555556,225.0,-0.4953571428571429,14.0,POINT (979442.1331596016 5508121.192766538),[-243.72305],0.0,0,1,-224.0,8.012736437089302,8.508093579946445
2013-04-24 00:00:00,0.00625,RE-F05-00,877599.3115098077,5531946.879759631,27.0,26.99375,6.5,26.077430555555555,14.0,POINT (877599.3115098077 5531946.879759631),[-196.96721],0.0,0,1,20.5,31.30366282750579,5.226232271950234
2013-04-04 00:00:00,0.0243055555555555,RE15-00,887696.492206843,5536991.780145962,29.0,28.975694444444443,170.0,27.95425595238095,14.0,POINT (887696.492206843 5536991.780145962),[-151.59065],0.0,0,1,-141.0,21.846257540066972,-6.107998412313979
2013-04-12 00:00:00,0.10625,RE39-00,882580.4729320096,5519910.262159661,57.0,56.89375,28.0,55.01051587301588,14.0,POINT (882580.4729320096 5519910.262159661),[-99.93958],0.0,0,1,29.0,49.094461299510826,-5.916054573505058
2013-03-26 00:00:00,0.10625,RE46-00,887099.1200743861,5515719.973483967,65.0,64.89375,48.0,63.5193253968254,14.0,POINT (887099.1200743861 5515719.973483967),[-76.260191],0.0,0,1,17.0,60.23672656294082,-3.2825988338845846
2013-04-04 00:00:00,0.1104166666666666,RE53-02,895052.2745701035,5544489.127234391,17.0,16.889583333333334,81.0,15.05072222222222,15.0,POINT (895052.2745701035 5544489.127234391),[-205.22842],0.0,0,1,-64.0,17.650217687464746,2.5994954652425264
2013-04-29 00:00:00,0.04375,RN-F01-00,1037440.9422490958,5459802.630219485,4.0,3.95625,5.5,3.358085317460318,14.0,POINT (1037440.9422490958 5459802.630219485),[-159.63926],0.0,0,1,-1.5,1.4535793005582933,-1.9045060169020247
2013-04-29 00:00:00,0.1145833333333333,RN-F02-00,1043024.28619038,5451841.385183119,14.0,13.885416666666666,7.8,12.724910714285713,14.0,POINT (1043024.2861903799 5451841.385183119),[-1.2304463],0.0,0,1,6.2,6.744000635204907,-5.980910079080806
2013-04-09 00:00:00,0.0458333333333333,RN31-01,1040422.1086042904,5455701.354261845,1.0,0.9541666666666668,31.0,-0.0637499999999999,14.0,POINT (1040422.1086042905 5455701.354261845),[-113.63026],0.0,0,1,-30.0,3.569505825313122,3.633255825313122
2013-04-22 00:00:00,0.0451388888888888,RN63-01,1042823.1886384542,5452449.579152213,14.0,13.95486111111111,7.0,13.050823412698415,14.0,POINT (1042823.1886384542 5452449.579152213),[-9.9617779],0.0,0,1,7.0,5.861364241404495,-7.189459171293921
